{
    "ac": [
      [84.3176, 6.05052]
    ],
    "ag": [
      [46.7218, 2.00331]
    ],
    "al": [
      [13.1141, 0.103045]
    ],
    "ar": [
      [18.2837, 0.403169]
    ],
    "as": [
      [30.6593, 3.63671]
    ],
    "at": [
      [78.8129, 5.11807]
    ],
    "au": [
      [70.816, 9.51839]
    ],
    "b": [
      [5.00376, 0.0015086]
    ],
    "ba": [
      [56.2011, 4.37364]
    ],
    "be": [
      [4.00145, 0.000572994]
    ],
    "bi": [
      [75.9224, 4.68697]
    ],
    "br": [
      [32.8116, 0.615284]
    ],
    "c": [
      [6.00806, 0.00358382]
    ],
    "ca": [
      [20.3372, 0.59941]
    ],
    "cd": [
      [47.7721, 2.23466]
    ],
    "ce": [
      [58.1439, 4.96045]
    ],
    "cl": [
      [17.2385, 0.309795]
    ],
    "co": [
      [27.2173, 1.76891]
    ],
    "cs": [
      [55.1391, 3.97582]
    ],
    "cu": [
      [28.9333, 2.32175]
    ],
    "dy": [
      [65.154, 7.80695]
    ],
    "er": [
      [66.5445, 8.86689]
    ],
    "eu": [
      [62.7237, 6.72555]
    ],
    "ga": [
      [30.3283, 2.92244]
    ],
    "ge": [
      [30.7642, 3.28322]
    ],
    "h": [
      [0.999977, 3.89176e-07]
    ],
    "he": [
      [1.99998, 1.44725e-05]
    ],
    "hf": [
      [68.6534, 11.1554]
    ],
    "hg": [
      [69.3063, 10.0367]
    ],
    "ho": [
      [65.8983, 8.78303]
    ],
    "i": [
      [53.0481, 3.31714]
    ],
    "in": [
      [48.8345, 2.34889]
    ],
    "ir": [
      [69.6329, 8.54866]
    ],
    "k": [
      [19.3154, 0.507196]
    ],
    "kr": [
      [34.3387, 0.665594]
    ],
    "li": [
      [3.0003, 0.000121916]
    ],
    "lu": [
      [68.1557, 10.6296]
    ],
    "mn": [
      [25.3489, 1.36178]
    ],
    "n": [
      [7.01423, 0.00702685]
    ],
    "na": [
      [11.0687, 0.0503855]
    ],
    "nd": [
      [60.0185, 5.65384]
    ],
    "ne": [
      [10.0511, 0.0343672]
    ],
    "ni": [
      [28.1024, 2.04303]
    ],
    "o": [
      [8.02388, 0.0131147]
    ],
    "os": [
      [66.3113, 11.3152]
    ],
    "p": [
      [15.1763, 0.189681]
    ],
    "pa": [
      [86.1729, 6.72632]
    ],
    "pb": [
      [74.1185, 4.45209]
    ],
    "pd": [
      [45.6577, 1.85808]
    ],
    "pm": [
      [60.9031, 5.90053]
    ],
    "po": [
      [77.3516, 4.82258]
    ],
    "pr": [
      [59.0439, 5.24897]
    ],
    "ra": [
      [83.1383, 5.90594]
    ],
    "rb": [
      [35.6082, 0.745753]
    ],
    "re": [
      [68.2098, 10.5556]
    ],
    "rh": [
      [44.5604, 1.7126]
    ],
    "rn": [
      [80.569, 5.47575]
    ],
    "s": [
      [16.2046, 0.242086]
    ],
    "sb": [
      [50.8886, 2.69735]
    ],
    "se": [
      [30.4902, 0.544073]
    ],
    "sm": [
      [61.9049, 6.66765]
    ],
    "sn": [
      [49.9182, 2.60491]
    ],
    "sr": [
      [36.789, 0.862436]
    ],
    "tb": [
      [64.3259, 7.3771]
    ],
    "tc": [
      [42.3943, 1.40324]
    ],
    "te": [
      [52.0826, 3.21727]
    ],
    "th": [
      [85.6085, 6.57029]
    ],
    "tl": [
      [71.3355, 4.23377]
    ],
    "tm": [
      [67.1873, 9.51697]
    ],
    "u": [
      [87.1076, 7.71652]
    ],
    "v": [
      [23.3949, 1.02463]
    ],
    "xe": [
      [54.1315, 3.70439]
    ],
    "yb": [
      [67.8195, 10.068]
    ],
    "zn": [
      [29.6952, 2.62552]
    ]
}